"Pick","Owner"
1,"BITE ME"
2,"Food For Anubis"
3,"O-Dog"
4,"Devil Cows"
5,"Gordon Gekko"
6,"Secret Squirrels"
7,"Franks Tanks"
8,"Fubar"
9,"IronCity"
10,"Have Nots"
11,"Piss & Vinegar"
12,"Domanick Davis"
13,"Domanick Davis"
14,"Piss & Vinegar"
15,"Have Nots"
16,"IronCity"
17,"Fubar"
18,"Franks Tanks"
19,"Secret Squirrels"
20,"Gordon Gekko"
21,"Devil Cows"
22,"O-Dog"
23,"Food For Anubis"
24,"BITE ME"
25,"BITE ME"
26,"Food For Anubis"
27,"O-Dog"
28,"Devil Cows"
29,"Gordon Gekko"
30,"Secret Squirrels"
31,"Franks Tanks"
32,"Fubar"
33,"IronCity"
34,"Have Nots"
35,"Piss & Vinegar"
36,"Domanick Davis"
37,"Domanick Davis"
38,"Piss & Vinegar"
39,"Have Nots"
40,"IronCity"
41,"Fubar"
42,"Franks Tanks"
43,"Secret Squirrels"
44,"Gordon Gekko"
45,"Devil Cows"
46,"O-Dog"
47,"Food For Anubis"
48,"BITE ME"
49,"BITE ME"
50,"Food For Anubis"
51,"O-Dog"
52,"Devil Cows"
53,"Gordon Gekko"
54,"Secret Squirrels"
55,"Franks Tanks"
56,"Fubar"
57,"IronCity"
58,"Have Nots"
59,"Piss & Vinegar"
60,"Domanick Davis"
61,"Domanick Davis"
62,"Piss & Vinegar"
63,"Have Nots"
64,"IronCity"
65,"Fubar"
66,"Franks Tanks"
67,"Secret Squirrels"
68,"Gordon Gekko"
69,"Devil Cows"
70,"O-Dog"
71,"Food For Anubis"
72,"BITE ME"
73,"BITE ME"
74,"Food For Anubis"
75,"O-Dog"
76,"Devil Cows"
77,"Gordon Gekko"
78,"Secret Squirrels"
79,"Franks Tanks"
80,"Fubar"
81,"IronCity"
82,"Have Nots"
83,"Piss & Vinegar"
84,"Domanick Davis"
85,"Domanick Davis"
86,"Piss & Vinegar"
87,"Have Nots"
88,"IronCity"
89,"Fubar"
90,"Franks Tanks"
91,"Secret Squirrels"
92,"Gordon Gekko"
93,"Devil Cows"
94,"O-Dog"
95,"Food For Anubis"
96,"BITE ME"
97,"BITE ME"
98,"Food For Anubis"
99,"O-Dog"
100,"Devil Cows"
101,"Gordon Gekko"
102,"Secret Squirrels"
103,"Franks Tanks"
104,"Fubar"
105,"IronCity"
106,"Have Nots"
107,"Piss & Vinegar"
108,"Domanick Davis"
109,"Domanick Davis"
110,"Piss & Vinegar"
111,"Have Nots"
112,"IronCity"
113,"Fubar"
114,"Franks Tanks"
115,"Secret Squirrels"
116,"Gordon Gekko"
117,"Devil Cows"
118,"O-Dog"
119,"Food For Anubis"
120,"BITE ME"
121,"BITE ME"
122,"Food For Anubis"
123,"O-Dog"
124,"Devil Cows"
125,"Gordon Gekko"
126,"Secret Squirrels"
127,"Franks Tanks"
128,"Fubar"
129,"IronCity"
130,"Have Nots"
131,"Piss & Vinegar"
132,"Domanick Davis"
133,"Domanick Davis"
134,"Piss & Vinegar"
135,"Have Nots"
136,"IronCity"
137,"Fubar"
138,"Franks Tanks"
139,"Secret Squirrels"
140,"Gordon Gekko"
141,"Devil Cows"
142,"O-Dog"
143,"Food For Anubis"
144,"BITE ME"
145,"BITE ME"
146,"Food For Anubis"
147,"O-Dog"
148,"Devil Cows"
149,"Gordon Gekko"
150,"Secret Squirrels"
151,"Franks Tanks"
152,"Fubar"
153,"IronCity"
154,"Have Nots"
155,"Piss & Vinegar"
156,"Domanick Davis"
157,"Domanick Davis"
158,"Piss & Vinegar"
159,"Have Nots"
160,"IronCity"
161,"Fubar"
162,"Franks Tanks"
163,"Secret Squirrels"
164,"Gordon Gekko"
165,"Devil Cows"
166,"O-Dog"
167,"Food For Anubis"
168,"O-Dog"
169,"BITE ME"
170,"Food For Anubis"
171,"BITE ME"
172,"Devil Cows"
173,"Gordon Gekko"
174,"Secret Squirrels"
175,"Franks Tanks"
176,"Fubar"
177,"IronCity"
178,"Have Nots"
179,"Piss & Vinegar"
180,"Domanick Davis"
